{"0A": 0.7585515975952148, "0B": 4.796228885650635, "0C": 1.610971212387085, "1A": 307.9761543273926, "1B": 314.616361618042, "1C": 185.58052515983582, "1D": 92.55449628829956, "1E": 3.966768503189087, "2A": 6.495844125747681, "2B": 6702.24799656868, "2C": 799.8911542892456, "2D": 6638.898024082184, "3A": 1.6271629333496094, "3B": 16.904158353805542, "3C": 14.603540182113647, "3D": 401.94299507141113, "4A": 193.51954460144043, "4B": 1831.0090324878693, "4C": 852.6603217124939, "5A": 244.97270822525024, "5B": 327.5583724975586, "5C": 262.2439889907837, "5D1": 765.0104529857635, "5D2": 1082.3992738723755, "5D3": 1265.6269524097443, "5E": 250.43591022491455, "5F": 236.62533950805664, "6A": 643.6815977096558, "6B": 418.89219546318054, "6C": 184.6254119873047, "6D": 721.0640540122986, "6E": 1253.020412683487, "7A": 301.77484107017517, "7B": 280.18444871902466, "7C": 220.11487460136414, "7D": 164.6214520931244, "6F": 1273.5841031074524, "8A": 80.84195804595947}