,stype,gene_stoichiometry,pdb_quality,identical_structures,AA_length,total_quality,quality_rank,alphafold1_model_score,alphafold1_ipTM,alphafold1_pTM,plddt
ABC-26-CPLX_AlphaMulti,ALPHAFOLD_MULTIMER,"{'b2677': 2, 'b2678': 2, 'b2679': 1}","{'b2677': {'A': [True, 81.67059847660501], 'B': [True, 81.67059847660501]}, 'b2678': {'C': [True, 81.67059847660501], 'D': [True, 81.67059847660501]}, 'b2679': {'E': [True, 81.67059847660501]}}",['ABC-26-CPLX_AlphaMulti'],1838.0,81.67059847660501,1.0,0.7240000000000001,0.72,0.74,81.67059847660501
b3241_6__AlphaMulti,ALPHAFOLD_MULTIMER,{'b3241': 6},"{'b3241': {'A': [True, 85.4287688172043], 'B': [True, 85.4287688172043], 'C': [True, 85.4287688172043], 'D': [True, 85.4287688172043], 'E': [True, 85.4287688172043], 'F': [True, 85.4287688172043]}}",['b3241_6__AlphaMulti'],1860.0,85.4287688172043,1.0,0.8420000000000001,0.84,0.85,85.4287688172043
b3240_3__AlphaMulti,ALPHAFOLD_MULTIMER,{'b3240': 3},"{'b3240': {'A': [True, 86.91482951653944], 'B': [True, 86.91482951653944], 'C': [True, 86.91482951653944]}}",['b3240_3__AlphaMulti'],1965.0,86.91482951653944,1.0,0.6940000000000001,0.68,0.75,86.91482951653944
