,cplx,structureId,leaf1,leaf2,v1,v2,angle,embedded_area,blub_area,membrane_thickness,sfile
0,ABC-26-CPLX,ABC-26-CPLX_AlphaMulti,tmhmm_leaflet_O,tmhmm_leaflet_I,"[-699.6917870717056, 6250.102835447278, 3906.8218339229393, -187140.4628543674]","[-20.71387686082462, 74.68654110695488, 43.58238657163248, -690.5861525020657]",8.229586118098394,"{'tmhmm_leaflet_O': 3435.412273674018, 'tmhmm_leaflet_I': 2873.812938385809}","{'tmhmm_leaflet_I': 5663.006360974182, 'tmhmm_leaflet_O': 6441.917270972166}",17.74712462421709,/home/ecatoiu/Projects/QSPACE/Demo_Results/AFMstructures/ABC-26-CPLX.result/ABC-26-CPLX_unrelaxed_rank_001_alphafold2_multimer_v3_model_1_seed_000.pdb
1,TRANS-200-CPLX,5nik-assembly1,tmhmm_leaflet_O,tmhmm_leaflet_I,"[0.2818717233999133, -1.5933078663779234, 6.63101592676415, -326.999556614786]","[-117.66471503749679, 759.6871961985933, 3496.8707657858645, -339992.8225262039]",26.10994522975813,"{'tmhmm_leaflet_I': 954.5699045336288, 'tmhmm_leaflet_O': 906.8261938608307}","{'tmhmm_leaflet_O': 9799.3702565849, 'tmhmm_leaflet_I': 3484.4359012153927}",39.60905153881284,../../../../../../../mnt/wwn-0x5000c500b96b98e1-part1/QSPACE_install/structures/all_bioassemblies/5nik-assembly1.cif
2,CPLX0-4,b3241_6__AlphaMulti,tmhmm_leaflet_O,tmhmm_leaflet_I,"[-2.7563167371536315, 57.62879004391652, 27.817607455769117, -2415.591215585591]","[-22.910345700021477, 471.48637209930837, 227.99219914462134, -32913.979112757006]",0.05532863889683577,"{'tmhmm_leaflet_I': 4408.627890238039, 'tmhmm_leaflet_O': 4795.149358322426}","{'tmhmm_leaflet_I': 5470.1638944219085, 'tmhmm_leaflet_O': 6314.9004037730865}",25.07343961269287,/home/ecatoiu/Projects/QSPACE/Demo_Results/AFMstructures/b3241_6_.result/b3241_6__unrelaxed_rank_001_alphafold2_multimer_v3_model_1_seed_000.pdb
3,CPLX0-4,b3240_3__AlphaMulti,tmhmm_leaflet_O,tmhmm_leaflet_I,"[4429.845471295457, -589.0904636062016, 1580.9353056398097, -140629.34029832963]","[1688.2082815030772, -242.33280582393368, 648.9448193302849, -16256.967927481644]",1.4601621019530573,"{'tmhmm_leaflet_I': 4594.094777814998, 'tmhmm_leaflet_O': 4882.0774834789645}","{'tmhmm_leaflet_I': 8353.081100595076, 'tmhmm_leaflet_O': 4921.154413966668}",20.749535442029263,/home/ecatoiu/Projects/QSPACE/Demo_Results/AFMstructures/b3240_3_.result/b3240_3__unrelaxed_rank_001_alphafold2_multimer_v3_model_1_seed_000.pdb
