{"TRANS-200-CPLX": {"5nik-assembly1": {"Cytoplasmic": [-246.47710170684442, 1591.3504190707108, 7325.050547574151, -712198.1340902747], "Periplasmic_C": [3.2891929581022676, -18.59252713323718, 77.37824640884831, -3815.799665040844], "Extracellular": [9.426206659968216, -8.444069053834061, -307.938030938996, 112780.78820895459], "Periplasmic_E": [87.78899081607173, 30.554840656465764, -2900.882059087577, 975614.3932395055]}}, "CPLX0-7983": {"P75783_61_726_7uw5": {"TM_1": [6.173790648527676, 3483.989880070991, -17.096507971379054, -593754.2947341535], "TM_2": [23.083104891090947, 1150.6427077211974, 15.929300604293353, -227502.63182684302]}}, "CPLX0-4": {"b3241_6__AlphaMulti": {"TM_1": [-3.3067913585343955, 69.32722136248, 33.41263094751846, -4661.338587191197], "TM_2": [-190.92033414464996, 3995.0429160064045, 1927.673458625834, -148172.53088209635]}, "b3240_3__AlphaMulti": {"Cytoplasmic": [6949.311729328549, -1130.6159538721745, 2639.471565701463, -175153.81714509177], "Periplasmic_C": [2200.7709413013, -629.2550779931772, 1021.5101450589502, -52746.43796611368]}}, "ABC-26-CPLX": {"ABC-26-CPLX_AlphaMulti": {"Cytoplasmic": [7438.318424226609, -8088.2469743479905, -579.424818374049, 122425.78010035832], "Periplasmic_C": [98.37915093455616, 4.22314169767103, 0.7169807486604173, -27.4017932509088]}}, "CPLX0-7964": {"6wxi-assembly1": {"Extracellular": [-19.86755406377184, -12.671559437166106, 321.37908621771487, -7082.622313733065], "Periplasmic_E": [-1312.9420077172522, -628.0508044121391, 43501.6189418198, -2125774.184235141]}}, "TRANS-CPLX-201": {"5o66-assembly1": {"Extracellular": [135.11621411635434, -132.0862813601841, -2345.0988582614696, 859062.9472001545], "Periplasmic_E": [67.91425307161649, 389.4601722382216, 10351.641627380382, -3669489.7380381343], "Cytoplasmic": [72.40600746680637, -8.144194089708078, 1930.2757999613111, -144867.56921503824], "Periplasmic_C": [21.02293048203793, 27.42461416041798, 884.9435128824109, -94424.53559117658]}}}