{"TRANS-200-CPLX": {"5nik-assembly1": {"Cytoplasmic": [-246.47710170684442, 1591.3504190707108, 7325.050547574151, -712198.1340902747], "Periplasmic_C": [3.2891929581022676, -18.59252713323718, 77.37824640884831, -3815.799665040844], "Extracellular": [30.5057767166731, -27.325914436854443, -996.555619675769, 364983.29943723994], "Periplasmic_E": [130.8305168882993, 45.53414154949931, -4323.104905682752, 1453931.3803106267]}}, "TRANS-CPLX-201": {"5o66-assembly1": {"Cytoplasmic": [121.18180446085992, -13.63074997803211, 3230.595020361, -242456.73183239307], "Periplasmic_C": [1616.93582645088, 2109.3100120598187, 68063.66714669502, -7262475.881727908], "Extracellular": [91.13824336955246, -89.09379203452026, -1581.8023342563145, 579449.9541799603], "Periplasmic_E": [2.0040263939930956, 11.493619947855144, 305.49478011760846, -108292.9105014015]}}, "CPLX0-4": {"b3241_6__AlphaMulti": {"TM_1": [-3.3067913585343955, 69.32722136248, 33.41263094751846, -4661.338587191197], "TM_2": [-190.92033414464996, 3995.0429160064045, 1927.673458625834, -148172.53088209635]}, "b3240_3__AlphaMulti": {"Cytoplasmic": [6949.311729328549, -1130.6159538721745, 2639.471565701463, -175153.81714509177], "Periplasmic_C": [2200.7709413013, -629.2550779931772, 1021.5101450589502, -52746.43796611368]}}, "ABC-26-CPLX": {"ABC-26-CPLX_AlphaMulti": {"Cytoplasmic": [7438.318424226609, -8088.2469743479905, -579.424818374049, 122425.78010035832], "Periplasmic_C": [98.37915093455616, 4.22314169767103, 0.7169807486604173, -27.4017932509088]}}, "CPLX0-7983": {"P75783_462_727_3udc": {"TM_1": [1695.2825130906422, 218.36601431919382, -2861.213673012126, -248899.81401262712], "TM_2": [4703.720907244635, 985.5493161087652, -5505.224711031633, -304076.85633443744]}}, "CPLX0-7964": {"P02930_23_458_5bun": {"Extracellular": [1005.3049983456342, -747.7910950539625, 691.8013141946545, -98866.86017161893], "Periplasmic_E": [10740.397030604183, -9626.565790485914, 6670.8592701697935, -870306.3079529448]}}}