{"ABC-26-CPLX_AlphaMulti": {"tmhmm_leaflet_O": [-129.58057891363762, 1157.4998038971698, 723.5315009119643, -34657.83883392408], "tmhmm_leaflet_I": [-41.41235956358776, 149.31640559531363, 87.13304018832362, -1380.6229211082623]}, "P75783_462_727_3udc": {"tmhmm_leaflet_O": [8623.044404992183, 4105.192971104136, -9041.56944803203, -815153.3714201369], "tmhmm_leaflet_I": [-24.524017346907726, -4.011828563460252, 42.06768813864638, 2323.6619866927585]}, "5nik-assembly1": {"tmhmm_leaflet_O": [13.235981059631719, -74.81760045274493, 311.375284190206, -15355.052923774794], "tmhmm_leaflet_I": [-48.44779736866169, 312.7967324914934, 1439.8160221870503, -139990.03924327617]}, "b3241_6__AlphaMulti": {"tmhmm_leaflet_O": [-0.26712422880310616, 5.585006211335379, 2.695900960380197, -234.103335031191], "tmhmm_leaflet_I": [-75.704766586558, 1557.9758697691288, 753.3756345536564, -108760.69441313643]}, "b3240_3__AlphaMulti": {"tmhmm_leaflet_O": [2484.765310376576, -330.4289469519486, 886.7704725621153, -78880.9752255283], "tmhmm_leaflet_I": [38590.05923851415, -5539.369921759937, 14833.942795288709, -371611.1444848247]}}