{"P02930_23_458_5bun": {"N_vector": [0.27199888664558713, 0.21036685117001078, 51.25280696245362, 261.75677598697575], "O_vector": [56.465820967778065, 35.805679934930865, 10980.212385019417, -129107.7561528279]}, "5nik-assembly1": {"N_vector": [-0.07736301185731025, 0.016057008329682442, 644923688.8804982, 10576748249.39892], "O_vector": [50.450026983054634, 5.672994041504007, 32077263933.270638, -526067114801.2685]}, "ABC-26-CPLX_AlphaMulti": {"N_vector": [0.4936459302250223, 0.14544374113445843, 14180900086.187832, 214131596748.92783], "O_vector": [39.2594490627505, 1.3588592196969256, 16778402190.77365, -253353876490.0742]}, "b3240_3__AlphaMulti": {"N_vector": [0.07072268661832024, 0.007064078514112642, 254461985.98228624, 3537021512.33192], "O_vector": [24.65079761555141, 3.4279238606295452, 19809267570.830063, -275348810190.0142]}, "AF-P77599-F1-model_v2": {"N_vector": [0.1978947857829686, 0.09162231876507443, 4892421390.121885, 51370424601.71957], "O_vector": [48.87416014207216, 5.406524687393829, 50057807254.86232, -525606974856.46436]}, "5o66-assembly1": {"N_vector": [0.45420887050149067, 0.12504594999198382, 9971049162.421694, 133612055001.04083], "O_vector": [54.037686324012974, 7.2083087981106555, 41219359440.733154, -552339397441.1226]}, "P75783_462_727_3udc": {"N_vector": [-2.9987321698198293, -0.12615104455463877, 3709987296.430984, 57504802990.174515], "O_vector": [56.744503738533496, 6.816257165168849, 32993377339.612835, -511397346776.2424]}, "b3241_6__AlphaMulti": {"N_vector": [0.08562929994507505, 0.008617657588701335, 225379329.9353391, 3403227971.8870974], "O_vector": [150.5532156520426, 3.842570858194745, 101285302856.17932, -1529408104916.621]}, "5ng5-assembly1": {"N_vector": [0.07072268661832024, 0.007064078514112642, 254461985.98228624, 3537021512.33192], "O_vector": [24.65079761555141, 3.4279238606295452, 19809267570.830063, -275348810190.0142]}}