{"ABC-26-CPLX_AlphaMulti": {"tmhmm_leaflet_O": [-1110.6758213439014, 9921.419361924443, 6201.702715494726, -297067.1191985919], "tmhmm_leaflet_I": [-1044.2100792903946, 3765.0974365815036, 2197.052313045737, -34813.74655350398]}, "P75783_462_727_3udc": {"tmhmm_leaflet_O": [3255.9491585945007, 1550.0537388365901, -3413.8053245698025, -307776.97365286516], "tmhmm_leaflet_I": [-100.03644528282169, -16.364818477209443, 171.59866674712066, 9478.478776926546]}, "5nik-assembly1": {"tmhmm_leaflet_O": [0.40249931438937947, -2.275169781974247, 9.46878286126887, -466.940108661773], "tmhmm_leaflet_I": [-977.2218240076338, 6309.315110463237, 29042.03094899654, -2823691.144499275]}, "b3241_6__AlphaMulti": {"tmhmm_leaflet_O": [-7.77379447044621, 162.53370425346898, 78.45555632540129, -6812.827198558981], "tmhmm_leaflet_I": [-25.2635304725865, 519.9140376881917, 251.40990669644094, -36294.66468088225]}, "b3240_3__AlphaMulti": {"tmhmm_leaflet_O": [9380.784666506184, -1247.4781275984813, 3347.8439640516535, -297800.6254104193], "tmhmm_leaflet_I": [3168.711816078843, -454.85178486119486, 1218.052416073404, -30513.77420588676]}}