{"CPLX0-7964": {"P02930_23_458_5bun": {"Extracellular": [1005.3049983456342, -747.7910950539625, 691.8013141946545, -98866.86017161893], "Periplasmic_E": [10740.397030604183, -9626.565790485914, 6670.8592701697935, -870306.3079529448]}}, "TRANS-200-CPLX": {"5nik-assembly1": {"Cytoplasmic": [-246.47710170684442, 1591.3504190707108, 7325.050547574151, -712198.1340902747], "Periplasmic_C": [3.2891929581022676, -18.59252713323718, 77.37824640884831, -3815.799665040844], "Extracellular": [64.97583173925786, -58.20518243470504, -2122.6488451958835, 777409.5566298914], "Periplasmic_E": [432.59926788094464, 150.56533787827286, -14294.730244025382, 4807553.206833451]}}, "CPLX0-7983": {"P75783_462_727_3udc": {"TM_1": [1056.6494062735853, 136.1050198605106, -1783.3586647886582, -155135.97891509114], "TM_2": [4117.772554454047, 862.7804965840992, -4819.421654793367, -266197.68561047316]}}, "CPLX0-4": {"b3241_6__AlphaMulti": {"TM_1": [-3.3067913585343955, 69.32722136248, 33.41263094751846, -4661.338587191197], "TM_2": [-190.92033414464996, 3995.0429160064045, 1927.673458625834, -148172.53088209635]}, "b3240_3__AlphaMulti": {"Cytoplasmic": [6949.311729328549, -1130.6159538721745, 2639.471565701463, -175153.81714509177], "Periplasmic_C": [2200.7709413013, -629.2550779931772, 1021.5101450589502, -52746.43796611368]}}, "TRANS-CPLX-201": {"5o66-assembly1": {"Extracellular": [52.43105069822643, -51.255540909483976, -910.003091522979, 333354.83956159826], "Periplasmic_E": [0.06193429784559004, 0.3551539001615158, 9.439795413153295, -3346.255501955052], "Cytoplasmic": [42.83755941026319, -4.817995222300123, 1142.0076512933435, -85707.99063351251], "Periplasmic_C": [17.658240076688493, 23.035330040896284, 743.3083029498912, -79311.89961548237]}}, "ABC-26-CPLX": {"ABC-26-CPLX_AlphaMulti": {"Cytoplasmic": [7438.318424226609, -8088.2469743479905, -579.424818374049, 122425.78010035832], "Periplasmic_C": [98.37915093455616, 4.22314169767103, 0.7169807486604173, -27.4017932509088]}}}