{"ABC-26-CPLX_AlphaMulti": {"tmhmm_leaflet_O": [-699.6917870717056, 6250.102835447278, 3906.8218339229393, -187140.4628543674], "tmhmm_leaflet_I": [-20.71387686082462, 74.68654110695488, 43.58238657163248, -690.5861525020657]}, "5nik-assembly1": {"tmhmm_leaflet_O": [0.2818717233999133, -1.5933078663779234, 6.63101592676415, -326.999556614786], "tmhmm_leaflet_I": [-117.66471503749679, 759.6871961985933, 3496.8707657858645, -339992.8225262039]}, "b3241_6__AlphaMulti": {"tmhmm_leaflet_O": [-2.7563167371536315, 57.62879004391652, 27.817607455769117, -2415.591215585591], "tmhmm_leaflet_I": [-22.910345700021477, 471.48637209930837, 227.99219914462134, -32913.979112757006]}, "b3240_3__AlphaMulti": {"tmhmm_leaflet_O": [4429.845471295457, -589.0904636062016, 1580.9353056398097, -140629.34029832963], "tmhmm_leaflet_I": [1688.2082815030772, -242.33280582393368, 648.9448193302849, -16256.967927481644]}}