{"0A": 0.6563928127288818, "0B": 0.48493456840515137, "0C": 1.299861192703247, "1A": 9.539745330810547, "1B": 14.821539640426636, "1C": 5.305331230163574, "1D": 2.920719623565674, "1E": 0.7625753879547119, "2A": 0.6352016925811768, "2B": 32.70431399345398, "2C": 4.141131401062012, "2D": 24.27646541595459, "3A": 1.0382969379425049, "3B": 1.0662803649902344, "3C": 0.8873703479766846, "3D": 7.356265068054199, "4A": 1.5738682746887207, "4B": 65.38735246658325, "4C": 0.9652700424194336, "5A": 5.049819231033325, "5B": 11.659285068511963, "5C": 11.542757987976074, "5D1": 30.64135766029358, "5D2": 80.0231556892395, "5D3": 36.37436652183533, "5E": 3.840059518814087, "5F": 1.1067619323730469, "6A": 5.90273380279541, "6B": 3.45809268951416, "6C": 1.335052490234375, "6D": 38.51877450942993, "6E": 27.247008085250854, "6F": 35.57506704330444, "7A": 286.4991090297699, "7B": 6.801523685455322, "7C": 4.796748638153076, "7D": 0.4065968990325928, "8A": 3.563732147216797}