{"0A": 0.5560669898986816, "0B": 0.04232501983642578, "0C": 0.30338263511657715, "1A": 8.50465178489685, "1B": 9.575599193572998, "1C": 3.007319927215576, "1D": 2.8521015644073486, "1E": 1.016686201095581, "2A": 4.6744654178619385, "2B": 0.9927587509155273, "2C": 4.114686489105225, "2D": 6.019497394561768, "3A": 0.914750337600708, "3B": 1.0687661170959473, "3C": 2.153585433959961, "3D": 3.7383460998535156, "4A": 6.0587921142578125, "4B": 63.111188650131226, "4C": 0.8169422149658203, "5A": 3.7357654571533203, "5B": 12.023535013198853, "5C": 2.7263801097869873, "5D1": 31.442004203796387, "5D2": 79.72862839698792, "5D3": 36.12208271026611, "5E": 2.393578290939331, "5F": 1.128786563873291, "6A": 5.781312942504883, "6B": 1.3671936988830566, "6C": 1.335052490234375, "6D": 40.80546259880066, "6E": 27.83815598487854, "6F": 28.850579977035522, "7A": 231.71313405036926, "7B": 6.611295223236084, "7C": 4.657056570053101, "7D": 0.3768799304962158, "8A": 3.7226598262786865}