{"0A": 0.7195334434509277, "0B": 104.3057861328125, "0C": 0.553823709487915, "1A": 7.260794401168822, "1B": 11.446502447128296, "1C": 685.8466691970825, "1D": 18.94543433189392, "1E": 1.3225712776184082, "2A": 152.60466337203982, "2B": 491.32258677482605, "2C": 4.3853774070739755, "2D": 42.74045348167419, "3A": 1.8307149410247805, "3B": 0.8899204730987549, "3C": 0.3563096523284912, "3D": 10.185567140579225, "4A": 1.3020918369293213, "4B": 69.09648942947389, "4C": 29.73119020462036, "5A": 1.973740816116333, "5B": 14.051438093185425, "5C": 18.716855764389038, "5D1": 127.13159346580505, "5D2": 85.55671572685243, "5D3": 43.226040363311775, "5E": 6.155253410339356, "5F": 1.2181148529052734, "6A": 4.831164836883545, "6B": 0.9252188205718994, "6C": 0.9252188205718994, "6D": 30.2836172580719, "6E": 473.792268037796, "6F": 31.925495862960812, "7A": 3.177729368209839, "7B": 7.379333257675171, "7C": 5.607279539108276, "7D": 6.3103928565979, "8A": 3.751585721969605}