{"0A": 0.40612292289733887, "0B": 0.018237590789794922, "0C": 0.01624584197998047, "1A": 2.531337022781372, "1B": 4.024829626083374, "1C": 9.56867504119873, "1D": 1.2836940288543701, "1E": 0.8042163848876953, "2A": 0.7596988677978516, "2B": 0.20665287971496582, "2C": 3.9680092334747314, "2D": 1.3686373233795166, "3A": 1.2276089191436768, "3B": 0.647345781326294, "3C": 0.48901844024658203, "3D": 4.111604452133179, "4A": 1.2305221557617188, "4B": 59.773820638656616, "4C": 26.327338457107544, "5A": 3.3313565254211426, "5B": 12.124883890151978, "5C": 9.614816665649414, "5D1": 43.94758677482605, "5D2": 81.5822479724884, "5D3": 30.52569031715393, "5E": 2.2089383602142334, "5F": 1.102982521057129, "6A": 4.033284425735474, "6B": 0.7530972957611084, "6C": 1.335052490234375, "6D": 25.56221604347229, "6E": 8.038743019104004, "6F": 26.00410747528076, "7A": 0.7174808979034424, "7B": 6.54441237449646, "7C": 4.620060205459595, "7D": 4.851450681686401, "8A": 4.141873836517334}